{"Accuracy_train":0.8000714182853699,"F1_train":0.7991231679916382,"Loss_val":0.5410571098327637,"Loss_train":0.4778324067592621,"lr":0,"_runtime":202.335390159,"F1_val":0.7633499503135681,"_timestamp":1.7560122794049566e+09,"_wandb":{"runtime":202},"_step":2,"Accuracy_val":0.7640610337257385,"epoch":3}